ds,y,y,CPI,PPI,Real GDP,Industrial Production,Balance of Trade,M1,Housing Starts,Employment Report,Treasury Yields
2020-12-31,3756.07,30606.48,261.56,206.2,18794.43,105.84,-66.97,17840.5,1670,142503,0.79
2020-11-30,3621.63,29638.64,260.93,204.5,18794.43,104.77,-69.04,17620.1,1553,142809,0.69
2020-10-31,3269.96,26501.6,260.46,203.9,18794.43,103.84,-63.98,17376.3,1530,142545,0.72
2020-09-30,3363,27781.7,260.15,202.9,18596.52,102.8,-63.22,17184,1437,141865,0.56
2020-08-31,3500.31,28430.05,259.51,202.4,18596.52,102.89,-66.06,16911.1,1373,141149,0.57
2020-07-31,3271.12,26428.32,258.6,202.1,18596.52,101.91,-62.11,16795,1487,139566,0.42
2020-06-30,3100.29,25812.88,257.28,201.2,17302.51,97.8,-51.77,16601.8,1265,137840,0.51
2020-05-31,3044.31,25383.11,255.94,200.4,17302.51,92.06,-56.31,16275.9,1038,132994,0.49
2020-04-30,2912.43,24345.72,256.19,196.4,17302.51,91.27,-52.61,4773.3,934,130161,0.44
2020-03-31,2584.59,21917.16,257.99,202.2,19010.85,104.52,-47.24,4280.2,1269,150840,0.42
2020-02-29,2954.22,25409.36,258.82,206.5,19010.85,109.3,-38.01,4027.6,1567,152523,0.24
2020-01-31,3225.52,28256.03,258.69,207.7,19010.85,109.18,-44.38,4018.9,1617,152234,0.19
2019-12-31,3230.78,28538.44,258.2,207.5,19253.96,109.65,-45.68,4011.2,1587,151919,0.35
2019-11-30,3140.98,28051.41,257.99,207.3,19253.96,110.04,-41.05,3955.6,1371,151758,0.16
2019-10-31,3037.56,27046.23,257.39,206.4,19253.96,109.03,-43.03,3926.1,1340,151524,0.17
2019-09-30,2976.74,26916.83,256.53,205.1,19141.74,109.47,-47.84,3887.7,1274,151329,0.04
2019-08-31,2926.46,26403.28,256.12,205.4,19141.74,109.85,-50.78,3844,1377,151108,-0.01
2019-07-31,2980.38,26864.27,255.93,206,19141.74,109.09,-51.04,3844.8,1212,150913,0.14
2019-06-30,2941.76,26599.96,255.42,205.5,19020.6,109.28,-51.75,3813.4,1235,150720,0.25
2019-05-31,2752.06,24815.04,255.37,206.7,19020.6,109.23,-51.26,3775.4,1268,150545,0.2
2019-04-30,2945.83,26592.91,255.33,207.2,19020.6,108.99,-49.2,3770.6,1267,150482,0.24
2019-03-31,2834.4,25928.68,254.15,205.6,18950.35,109.68,-48.91,3746.4,1203,150263,0.14
2019-02-28,2784.49,25916,252.97,203.6,18950.35,109.56,-47.3,3783.4,1137,150095,0.2
2019-01-31,2704.1,24999.67,252.44,202.5,18950.35,110.12,-49.02,3772.9,1272,150145,0.17
2018-12-31,2506.85,23327.46,252.49,203.8,18813.92,110.55,-56.41,3771.2,1117,149908,0.2
2018-11-30,2760.17,25538.46,252.82,205.2,18813.92,110.51,-49.63,3708.4,1204,149668,0.2
2018-10-31,2711.74,25115.76,252.9,206.7,18813.92,109.92,-52.4,3721.5,1207,149576,0.28
2018-09-30,2913.98,26458.31,252.18,205.1,18752.36,109.67,-51.45,3692.3,1246,149364,0.24
2018-08-31,2901.52,25964.82,251.74,204.8,18752.36,109.52,-50.38,3682.7,1280,149259,0.23
2018-07-31,2816.29,25415.19,251.35,204.6,18752.36,108.65,-50.57,3669.2,1195,149030,0.29
2018-06-30,2718.37,24271.41,251.15,204.3,18654.38,108.17,-44.4,3644.7,1190,148881,0.33
2018-05-31,2705.27,24415.84,250.79,204,18654.38,107.36,-41.16,3646.2,1334,148667,0.43
2018-04-30,2648.05,24163.15,250.28,202.9,18654.38,108.22,-44.67,3653.6,1269,148397,0.46
2018-03-31,2640.87,24103.11,249.52,202.9,18530.48,107.25,-42.89,3672.5,1335,148244,0.47
2018-02-28,2713.83,25029.2,249.3,202.7,18530.48,106.64,-48.71,3633.9,1288,148049,0.61
2018-01-31,2823.81,26149.39,248.72,202,18530.48,106.27,-47.25,3668.4,1314,147671,0.56
2017-12-31,2673.61,24719.22,247.74,201.4,18359.43,106.54,-47.11,3618.9,1199,147590,0.52
2017-11-30,2647.58,24272.35,247.38,201.3,18359.43,106.19,-45.56,3631.9,1300,147411,0.63
2017-10-31,2575.26,23377.24,246.66,199.4,18359.43,105.63,-42.64,3601.2,1256,147215,0.78
2017-09-30,2519.36,22405.09,246.55,199,18185.64,104.05,-41.17,3563.4,1174,146966,0.85
2017-08-31,2471.65,21948.1,245.21,197.6,18185.64,104.05,-41.52,3580.3,1163,146924,0.79
2017-07-31,2470.3,21891.12,244.28,196.5,18185.64,104.54,-42.85,3541.8,1207,146734,0.94
2017-06-30,2423.41,21349.63,244.22,196.5,18054.05,104.58,-42.22,3520.9,1243,146506,0.92
2017-05-31,2411.8,21008.65,244.07,196.3,18054.05,104.41,-43.59,3512.8,1123,146295,0.92
2017-04-30,2384.2,20940.51,244.27,198.1,18054.05,104.27,-43.81,3450.1,1150,146154,1.02
2017-03-31,2362.72,20663.22,243.77,197.1,17977.3,103.34,-40.89,3456.2,1186,145934,1.13
2017-02-28,2363.64,20812.24,243.87,197,17977.3,102.65,-39.52,3411.3,1282,145795,1.13
2017-01-31,2278.87,19864.09,243.62,196.3,17977.3,103.04,-42.92,3398.2,1206,145612,1.25
2016-12-31,2238.83,19762.6,242.64,195,17876.18,102.93,-41.47,3345.4,1267,145415,1.26
2016-11-30,2198.81,19123.58,242.03,193.3,17876.18,102.05,-44.47,3354.7,1150,145201,1.27
2016-10-31,2126.15,18142.42,241.74,193.7,17876.18,102.25,-39.23,3330.3,1321,145071,0.98
2016-09-30,2168.27,18308.15,241.18,192.6,17764.39,102.05,-36.55,3322.6,1072,144953,0.83
2016-08-31,2170.95,18400.88,240.55,191.8,17764.39,102.04,-40.56,3315.7,1155,144664,0.77
2016-07-31,2173.6,18432.24,240.1,192.4,17764.39,102.13,-40.54,3242.5,1245,144521,0.8
2016-06-30,2098.86,17929.99,240.22,192.4,17668.2,101.87,-41.66,3244.1,1200,144150,0.89
2016-05-31,2096.96,17787.2,239.56,191.1,17668.2,101.43,-39.34,3237.3,1131,143892,0.97
2016-04-30,2065.3,17773.64,238.99,190.4,17668.2,101.52,-37.57,3199.2,1158,143851,1.05
2016-03-31,2059.74,17685.09,238.08,189.8,17613.26,101.42,-36.55,3157.2,1114,143654,1.05
2016-02-29,1932.23,16516.5,237.34,189.4,17613.26,102.22,-43.22,3133.4,1203,143417,0.96
2016-01-31,1940.24,16466.3,237.65,190.8,17613.26,102.95,-40.03,3099.9,1103,143205,1.15
2015-12-31,2043.94,17425.03,237.76,191.3,17514.06,102.1,-41.1,3096.3,1146,143097,1.22
2015-11-30,2080.41,17719.92,238.02,192.6,17514.06,102.69,-40.56,3081.2,1172,142824,1.28
2015-10-31,2079.36,17663.54,237.73,192.4,17514.06,103.4,-40.93,3017,1058,142587,1.42
2015-09-30,1920.03,16284.7,237.5,192.9,17486.02,103.78,-41.69,3043,1224,142281,1.41
2015-08-31,1972.18,16528.03,238.03,195.3,17486.02,104.16,-44.25,3028.4,1130,142126,1.48
2015-07-31,2103.84,17689.86,238.03,196,17486.02,104.32,-40.38,3038,1146,142001,1.52
2015-06-30,2063.11,17619.51,237.66,196.2,17422.85,103.72,-42.5,3020.5,1205,141699,1.71
2015-05-31,2107.39,18010.68,237,195.1,17422.85,104.07,-38.56,2983.7,1079,141525,1.52
2015-04-30,2085.51,17840.52,236.22,192.9,17422.85,104.53,-39.84,3001.4,1190,141194,1.46
2015-03-31,2067.89,17776.12,235.98,194.2,17305.75,105.15,-48.69,3002.2,960,140910,1.37
2015-02-28,2104.5,18132.7,235.34,193.5,17305.75,105.44,-33.88,3009.3,886,140839,1.37
2015-01-31,1994.99,17164.95,234.75,193.3,17305.75,105.98,-38.87,2941,1085,140568,1.19
2014-12-31,2058.9,17823.07,236.25,196.8,17143.04,106.51,-42.85,2939.4,1073,140377,1.51
2014-11-30,2067.56,17828.24,236.98,199.5,17143.04,106.66,-39.82,2886.3,1001,140109,1.7
2014-10-31,2018.05,17390.52,237.43,200.2,17143.04,105.84,-41.08,2868.3,1074,139818,1.84
2014-09-30,1972.29,17042.9,237.48,200.8,17047.1,105.81,-41.69,2861.4,1023,139566,1.92
2014-08-31,2003.37,17098.45,237.46,201.4,17047.1,105.5,-36.95,2803.6,984,139257,1.85
2014-07-31,1930.67,16563.3,237.5,201.5,17047.1,105.62,-38.95,2840,1085,139069,2.03
2014-06-30,1960.23,16826.6,237.23,201.5,16841.48,105.41,-38.91,2829.5,911,138837,2.07
2014-05-31,1923.57,16717.17,236.92,201,16841.48,105.02,-39.59,2794.3,1007,138511,2.1
2014-04-30,1883.95,16580.84,236.47,201.7,16841.48,104.64,-43.75,2777.7,1043,138293,2.24
2014-03-31,1872.34,16457.66,236.03,200.8,16616.54,104.59,-42.96,2755.1,970,137968,2.3
2014-02-28,1859.45,16321.71,235.55,200.2,16616.54,103.59,-40.14,2728.4,944,137714,2.33
2014-01-31,1782.59,15698.85,235.29,199.8,16616.54,102.72,-37.45,2696.6,888,137548,2.32
2013-12-31,1848.36,16576.66,234.72,198.3,16663.65,103.15,-33.65,2662.9,1002,137373,2.65
2013-11-30,1805.81,16086.41,234.1,197.5,16663.65,102.84,-33.99,2630.5,1100,137304,2.46
2013-10-31,1756.54,15545.75,233.67,196.9,16663.65,102.54,-36.29,2620,925,137040,2.25
2013-09-30,1681.55,15129.67,233.54,196.5,16531.69,102.72,-39.92,2581.1,850,136815,2.29
2013-08-31,1632.97,14810.31,233.46,197,16531.69,102.19,-36.62,2553.7,917,136628,2.38
2013-07-31,1685.73,15499.54,232.9,196,16531.69,101.52,-36.35,2541.8,880,136386,2.27
2013-06-30,1606.28,14909.6,232.45,196.2,16403.18,101.95,-34.42,2532.6,839,136274,2.13
2013-05-31,1630.74,15115.57,231.89,196.1,16403.18,101.75,-41.69,2531.9,930,136093,1.83
2013-04-30,1597.57,14839.8,231.8,195.3,16403.18,101.64,-38.48,2513.2,835,135871,1.46
2013-03-31,1569.19,14578.54,232.28,196.5,16382.96,101.81,-34.3,2482.1,1010,135680,1.61
2013-02-28,1514.68,14054.49,232.94,197.6,16382.96,101.4,-40.99,2474,962,135541,1.64
2013-01-31,1498.11,13860.58,231.68,196.4,16382.96,100.82,-40.13,2471.6,888,135263,1.72
2012-12-31,1426.19,13104.14,231.22,195.3,16239.14,100.95,-36.33,2459.4,976,135072,1.51
2012-11-30,1416.18,13025.58,231.25,195.7,16239.14,100.6,-45.33,2435.9,833,134833,1.37
2012-10-31,1412.16,13096.46,231.64,196.7,16239.14,100.12,-41.47,2415.2,915,134677,1.41
2012-09-30,1440.67,13437.13,231.02,196.5,16220.67,99.9,-38.79,2382.4,847,134518,1.4
2012-08-31,1406.58,13090.84,229.92,194.7,16220.67,99.86,-44.03,2350.9,754,134331,1.33
2012-07-31,1379.32,13008.68,228.59,192.4,16220.67,100.34,-42.41,2313.6,740,134159,1.26
2012-06-30,1362.16,12880.09,228.52,192.1,16198.81,100.07,-42.94,2281.7,757,134007,1.34
2012-05-31,1310.33,12393.45,228.71,192.9,16198.81,100.09,-45.11,2260.3,708,133934,1.3
2012-04-30,1397.91,13213.63,229.19,194,16198.81,99.9,-46.84,2244.2,753,133834,1.66
2012-03-31,1408.47,13212.04,228.81,194.1,16129.42,99.16,-49.75,2232.4,695,133752,1.88
2012-02-29,1365.68,12952.07,228.33,193.9,16129.42,99.62,-42.78,2209.8,704,133512,1.68
2012-01-31,1312.41,12632.91,227.84,193.4,16129.42,99.39,-50.13,2197.6,723,133250,1.58
2011-12-31,1257.61,12217.56,227.22,192.7,16004.11,98.79,-49.47,2165.7,694,132896,1.64
2011-11-30,1246.96,12045.68,227.17,192.9,16004.11,98.24,-47.46,2182,711,132694,1.81
2011-10-31,1253.3,11955.01,226.75,192.4,16004.11,98.32,-45.51,2128.5,610,132562,1.87
2011-09-30,1131.42,10913.38,226.6,192.8,15820.7,97.65,-43.48,2120,650,132358,1.67
2011-08-31,1218.89,11613.53,226.11,191.1,15820.7,97.67,-45.05,2115.4,585,132125,2.02
2011-07-31,1292.28,12143.24,225.4,191.6,15820.7,97.13,-46.07,1996,623,131999,2.44
2011-06-30,1320.64,12414.34,224.81,190.8,15825.1,96.62,-49.88,1963.4,608,131939,2.7
2011-05-31,1345.2,12569.79,224.81,191.5,15825.1,96.34,-47.73,1941.6,561,131703,2.59
2011-04-30,1363.61,12810.54,224.09,190.5,15825.1,96.12,-42.69,1897,554,131602,2.68
2011-03-31,1325.83,12319.73,223.05,188.8,15712.75,96.46,-44.31,1896.5,600,131288,2.65
2011-02-28,1327.22,12226.34,221.9,187.4,15712.75,95.52,-44.75,1870.1,517,131053,2.75
2011-01-31,1286.12,11891.93,221.19,185.4,15712.75,95.94,-48.12,1846.3,630,130841,2.81
2010-12-31,1257.64,11577.51,220.47,184,15750.63,96.06,-41.72,1836.7,539,130822,2.7
2010-11-30,1180.55,11006.02,219.59,182.4,15750.63,95.14,-38.74,1828.4,545,130750,2.34
2010-10-31,1183.26,11118.49,219.04,181.6,15750.63,95.11,-40.65,1780.4,543,130625,2.26
2010-09-30,1141.2,10788.05,218.28,180.1,15671.97,95.36,-44.33,1766.2,594,130357,2.09
2010-08-31,1049.33,10014.72,217.92,179.5,15671.97,95.14,-45.62,1748.7,599,130422,2
2010-07-31,1101.6,10465.94,217.61,178.5,15671.97,94.85,-41.61,1724,546,130427,2.36
2010-06-30,1030.71,9774.02,217.2,178.3,15557.28,94.44,-47.32,1731.6,536,130511,2.33
2010-05-31,1089.41,10136.63,217.29,178.9,15557.28,94.3,-42.09,1710.1,583,130650,2.52
2010-04-30,1186.69,11008.61,217.4,178.9,15557.28,92.94,-41.5,1699,687,130110,2.69
2010-03-31,1169.43,10856.63,217.35,178.9,15415.15,92.6,-40.27,1711.9,636,129879,2.81
2010-02-28,1104.49,10325.26,217.28,177.7,15415.15,91.99,-41.5,1699.8,604,129698,2.8
2010-01-31,1073.87,10067.33,217.49,178.9,15415.15,91.66,-37.74,1674.7,614,129790,2.77
2009-12-31,1115.1,10428.05,217.35,177.1,15356.06,90.61,-39.43,1692.8,581,129788,2.7
2009-11-30,1095.63,10344.84,217.23,176.6,15356.06,90.34,-38.38,1683,588,130057,2.53
2009-10-31,1036.2,9712.73,216.51,174.3,15356.06,89.98,-34.96,1677.7,534,130045,2.49
2009-09-30,1057.08,9712.28,215.86,173.5,15189.22,89.69,-35.25,1664.9,585,130244,2.36
2009-08-31,1020.63,9496.28,215.45,173.9,15189.22,89.02,-31.67,1660,586,130485,2.43
2009-07-31,987.48,9171.61,214.73,171.5,15189.22,88.03,-33.31,1662.5,594,130668,2.37
2009-06-30,919.32,8447,214.79,173.5,15134.12,87.07,-27.15,1658.8,585,131008,2.42
2009-05-31,919.14,8500.33,213.02,170.3,15134.12,87.42,-25.84,1617.5,540,131475,2.54
2009-04-30,872.81,8168.12,212.71,170,15134.12,88.31,-30.47,1611.6,478,131817,2.22
2009-03-31,797.87,7608.92,212.5,169.1,15155.94,89.02,-30.19,1578.9,505,132512,1.87
2009-02-28,735.09,7062.93,212.71,170.6,15155.94,90.45,-28.78,1567.2,582,133312,2.04
2009-01-31,825.88,8000.86,211.93,170.8,15155.94,91.04,-39.34,1582.8,490,134055,1.89
2008-12-31,903.25,8776.39,211.4,169.7,15328.03,93.25,-43.97,1601.7,560,134839,1.45
2008-11-30,896.24,8829.04,213.15,172.9,15328.03,96.06,-45.13,1514.6,652,135545,1.94
2008-10-31,968.75,9325.01,217,178.3,15328.03,97.28,-60.88,1473.8,777,136272,2.4
2008-09-30,1166.36,10850.66,218.88,182.7,15667.03,96.37,-60.29,1462,820,136753,1.86
2008-08-31,1282.83,11543.55,218.69,182,15667.03,100.74,-62.39,1407.4,844,137213,1.44
2008-07-31,1267.38,11378.02,219.02,183.4,15667.03,102.3,-66.99,1421.1,923,137491,1.44
2008-06-30,1280,11350.01,217.46,181.2,15752.31,102.84,-60.89,1404.6,1046,137687,1.35
2008-05-31,1400.38,12638.32,215.21,178.4,15752.31,103.09,-62.31,1393.4,973,137858,1.42
2008-04-30,1385.59,12820.13,213.94,175.9,15752.31,103.67,-63.73,1391.4,1013,138035,1.47
2008-03-31,1322.7,12262.89,213.45,175.4,15671.38,104.46,-60.2,1388.7,1005,138275,1.83
2008-02-29,1330.63,12266.39,212.69,173.9,15671.38,104.71,-64.23,1380.4,1103,138324,1.89
2008-01-31,1378.55,12650.36,212.17,173.3,15671.38,105.06,-61.34,1377.7,1084,138403,1.5
2007-12-31,1468.36,13264.82,211.45,171.7,15761.97,105.35,-58.29,1373.4,1037,138392,0.97
2007-11-30,1481.14,13371.72,210.83,172.4,15761.97,105.33,-60.68,1371.8,1197,138284,0.94
2007-10-31,1549.38,13930.01,209.19,169.3,15761.97,104.72,-57.67,1379.4,1264,138174,0.52
2007-09-30,1526.75,13895.63,208.55,167.6,15666.74,105.16,-58.16,1375.7,1183,138095,0.6
2007-08-31,1473.99,13357.74,207.67,166,15666.74,104.76,-57.21,1376.3,1330,138015,0.4
2007-07-31,1455.28,13211.99,207.6,167.2,15666.74,104.52,-60.25,1371.8,1354,138038,0.22
2007-06-30,1503.35,13408.62,207.23,166.1,15582.09,104.56,-60,1368.2,1448,138069,0.16
2007-05-31,1530.62,13627.64,206.76,166,15582.09,104.53,-59.57,1380.9,1415,137993,-0.02
2007-04-30,1482.37,13062.91,205.9,165.3,15582.09,104.48,-60.49,1378,1490,137842,0.03
2007-03-31,1420.86,12354.35,205.29,164.1,15493.33,103.75,-62.18,1366.5,1495,137793,0.07
2007-02-28,1406.82,12268.63,204.23,162.7,15493.33,103.53,-58.48,1363,1480,137558,-0.08
2007-01-31,1438.24,12621.69,203.44,160.9,15493.33,102.49,-58.01,1371.7,1409,137477,-0.11
2006-12-31,1418.3,12463.15,203.1,161.1,15456.93,103.03,-61.88,1366.6,1649,137249,-0.11
2006-11-30,1400.63,12221.93,202,160,15456.93,101.97,-58.94,1370.8,1570,137063,-0.15
2006-10-31,1377.94,12080.73,201.9,158.7,15456.93,102.07,-59.54,1370.3,1491,136852,-0.1
2006-09-30,1335.85,11679.07,202.8,160.2,15326.37,102.13,-65.1,1364.4,1720,136843,-0.06
2006-08-31,1303.82,11381.15,203.8,162.1,15326.37,102.33,-68.28,1372.4,1650,136694,-0.05
2006-07-31,1276.66,11185.68,202.9,161,15326.37,101.93,-66.91,1372.4,1737,136520,0.03
2006-06-30,1270.2,11150.22,201.8,161.4,15302.71,101.97,-63.8,1375.4,1802,136325,-0.02
2006-05-31,1270.09,11168.31,201.3,160.6,15302.71,101.58,-64.82,1387.2,1942,136244,0.08
2006-04-30,1310.61,11367.14,200.7,160.6,15302.71,101.68,-62.6,1381.4,1821,136205,0.19
2006-03-31,1294.83,11109.32,199.7,159.3,15267.03,101.28,-62.4,1383.2,1969,136047,0.03
2006-02-28,1280.66,10993.41,199.4,158.7,15267.03,101.07,-62.31,1378.4,2119,135737,-0.13
2006-01-31,1280.09,10864.86,199.3,160.5,15267.03,101.06,-66.97,1379.5,2273,135429,0
2005-12-31,1248.29,10717.5,198.1,159.6,15066.6,100.94,-64.57,1374.3,1994,135149,-0.01
2005-11-30,1249.48,10805.87,198.1,158.7,15066.6,100.32,-63.86,1376.1,2147,134993,0.08
2005-10-31,1207.01,10440.07,199.1,160.5,15066.6,99.31,-67.27,1376.5,2065,134655,0.18
2005-09-30,1228.81,10568.7,198.8,158.8,14972.05,98.08,-64.88,1378.6,2151,134566,0.16
2005-08-31,1220.33,10481.6,196.1,156.3,14972.05,99.94,-58.75,1377.8,2095,134498,0.2
2005-07-31,1234.18,10640.91,194.9,155,14972.05,99.67,-58.3,1369,2054,134296,0.26
2005-06-30,1191.33,10274.97,193.7,153.9,14839.78,99.99,-58.15,1380.1,2068,133942,0.28
2005-05-31,1191.5,10467.48,193.6,153.9,14839.78,99.6,-56.04,1366,2025,133690,0.41
2005-04-30,1156.85,10192.51,193.7,154.2,14839.78,99.47,-57.31,1358.4,2061,133518,0.55
2005-03-31,1180.59,10503.76,193.1,153.7,14771.6,99.31,-53.13,1370.9,1864,133156,0.7
2005-02-28,1203.6,10766.23,192.4,152.7,14771.6,99.46,-58.09,1371.1,2207,133032,0.78
2005-01-31,1181.27,10489.94,191.6,151.9,14771.6,98.78,-56.19,1367.1,2144,132774,0.85
2004-12-31,1211.92,10783.01,191.7,151.4,14609.88,98.33,-54.92,1376,2042,132624,1.15
2004-11-30,1173.82,10428.02,191.7,152.1,14609.88,97.61,-58.97,1374.2,1782,132503,1.35
2004-10-31,1130.2,10027.47,190.8,151.2,14609.88,97.41,-55.06,1362.3,2072,132447,1.47
2004-09-30,1114.58,10080.27,189.8,148.8,14464.98,96.49,-51.69,1362.5,1905,132093,1.51
2004-08-31,1104.24,10173.92,189.2,148.6,14464.98,96.41,-53.65,1354.3,2024,131937,1.72
2004-07-31,1101.72,10139.71,189.1,148.2,14464.98,96.34,-51.61,1340.8,2002,131848,1.8
2004-06-30,1140.84,10435.48,188.9,148.4,14329.52,95.6,-54.17,1342.7,1828,131793,1.9
2004-05-31,1120.68,10188.45,188.2,148.4,14329.52,96.4,-47.55,1333.3,1981,131694,2.11
2004-04-30,1107.31,10225.57,187.4,147.2,14329.52,95.64,-47.28,1332.8,2003,131411,2.19
2004-03-31,1126.21,10357.7,187.1,146.2,14221.15,95.21,-46.75,1328.7,1998,131142,2.26
2004-02-29,1144.94,10583.92,186.7,145.8,14221.15,95.68,-44.55,1321.4,1846,130825,2.33
2004-01-31,1131.13,10488.07,186.3,145.9,14221.15,95.11,-44.65,1306,1911,130769,2.31
2003-12-31,1111.92,10453.92,185.5,145.1,14145.65,94.87,-44.08,1306.2,2057,130588,2.43
2003-11-30,1058.2,9782.46,185,144.6,14145.65,94.93,-39.9,1299.1,2083,130474,2.29
2003-10-31,1050.71,9801.12,184.9,144.8,14145.65,94.21,-41.39,1297.8,1967,130454,2.47
2003-09-30,995.97,9275.06,185.1,144,13985.07,94.08,-41.84,1297.2,1939,130254,2.48
2003-08-31,1008.01,9415.82,184.5,143.7,13985.07,93.52,-39.89,1296.4,1833,130149,2.49
2003-07-31,990.31,9233.8,183.7,142.8,13985.07,93.66,-41.32,1287.5,1897,130191,2.66
2003-06-30,974.5,8985.44,183.1,142.7,13751.54,93.25,-39.7,1281,1867,130194,2.21
2003-05-31,963.59,8850.26,182.9,141.9,13751.54,93.09,-41.05,1268.8,1751,130196,2.05
2003-04-30,916.92,8480.09,183.2,142.2,13751.54,93.07,-42.04,1250,1643,130177,2.35
2003-03-31,848.18,7992.13,183.9,144,13634.25,93.74,-43.81,1239.3,1726,130232,2.31
2003-02-28,841.15,7891.08,183.6,142.7,13634.25,93.95,-40.08,1238.2,1629,130444,2.18
2003-01-31,855.7,8053.81,182.6,141.1,13634.25,93.82,-41.16,1227.3,1853,130580,2.27
2002-12-31,879.82,8341.63,181.8,139.7,13559.03,93.11,-43.61,1220.2,1788,130472,2.21
2002-11-30,936.31,8896.09,181.5,140,13559.03,93.57,-39.52,1209.6,1753,130615,2.15
2002-10-31,885.76,8397.03,181.2,140,13559.03,93.08,-35.1,1204,1648,130628,2.22
2002-09-30,815.28,7591.93,180.8,139.2,13538.07,93.37,-36.09,1196.1,1804,130501,1.91
2002-08-31,916.07,8663.5,180.5,138.7,13538.07,93.24,-36.39,1187.1,1633,130587,2.01
2002-07-31,911.62,8736.59,180,138.6,13538.07,93.22,-33.91,1199.1,1655,130590,2.22
2002-06-30,989.81,9243.26,179.6,138.8,13478.15,93.45,-34.73,1193.3,1717,130684,1.98
2002-05-31,1067.14,9925.25,179.5,138.4,13478.15,92.57,-34.03,1189.3,1764,130634,1.85
2002-04-30,1076.92,9946.22,179.3,138.7,13478.15,92.18,-33.97,1186.9,1592,130623,1.86
2002-03-31,1147.39,10403.94,178.5,138.8,13397,91.8,-31.16,1193.3,1642,130717,1.69
2002-02-28,1106.73,10106.13,178,138,13397,91.06,-32.5,1190.6,1829,130736,1.82
2002-01-31,1130.21,9920,177.7,137.7,13397,91.08,-29.68,1190.7,1698,130852,1.87
2001-12-31,1148.08,10021.5,177.4,138,13280.86,90.51,-27.49,1183.2,1568,130982,2.03
2001-11-30,1139.45,9851.56,177.5,138.5,13280.86,90.49,-30,1171,1602,131142,1.91
2001-10-31,1059.78,9075.14,177.6,139,13280.86,90.93,-30.59,1165.7,1540,131454,1.81
2001-09-30,1040.94,8847.56,178.1,141.3,13244.78,91.33,-30.22,1205.7,1562,131771,1.74
2001-08-31,1133.58,9949.75,177.4,140.7,13244.78,91.68,-28.09,1150.2,1567,132028,1.2
2001-07-31,1211.23,10522.81,177.4,140.1,13244.78,91.79,-29.9,1138.9,1670,132177,1.26
2001-06-30,1224.42,10502.4,177.7,141.8,13299.98,92.32,-29.15,1126.2,1636,132299,1.17
2001-05-31,1255.82,10911.94,177.3,142.3,13299.98,92.88,-27.1,1118.5,1605,132410,1.19
2001-04-30,1249.46,10734.97,176.4,142,13299.98,93.45,-30.52,1116.7,1649,132463,1.06
2001-03-31,1160.33,9878.78,176.1,141.2,13222.69,93.72,-32.81,1108.9,1590,132747,0.74
2001-02-28,1239.94,10495.28,176,141.9,13222.69,93.94,-29.3,1101.2,1625,132789,0.51
2001-01-31,1366.01,10887.36,175.6,141.7,13222.69,94.54,-35.2,1096.7,1600,132698,0.54
2000-12-31,1320.28,10786.85,174.6,140.5,13260.51,95.16,-33.42,1088.6,1532,132709,0.02
2000-11-30,1314.95,10414.49,174.2,140.2,13260.51,95.42,-32.72,1092.4,1551,132556,-0.15
2000-10-31,1429.4,10971.14,173.9,139.5,13260.51,95.4,-33.38,1098.7,1549,132351,-0.16
2000-09-30,1436.51,10650.92,173.6,139,13178.42,95.68,-33.33,1099.7,1507,132353,-0.18
2000-08-31,1517.68,11215.1,172.7,137.9,13178.42,95.31,-29.93,1100.2,1541,132230,-0.44
2000-07-31,1430.83,10521.98,172.7,138.2,13178.42,95.59,-31.25,1103.5,1463,132236,-0.26
2000-06-30,1454.6,10447.9,172.2,138.1,13160.84,95.74,-30.41,1102.6,1559,132061,-0.33
2000-05-31,1420.6,10522.34,171.2,137,13160.84,95.64,-29.17,1104.9,1575,132105,-0.4
2000-04-30,1452.43,10733.92,170.9,136.9,13160.84,95.48,-28.6,1115.6,1626,131888,-0.46
2000-03-31,1498.58,10921.93,171,137.3,12924.18,94.8,-30.56,1107.5,1604,131596,-0.48
2000-02-29,1366.42,10128.31,170,136.6,12924.18,94.46,-29.79,1108.6,1737,131124,-0.11
2000-01-31,1394.46,10940.54,169.3,135.2,12924.18,94.18,-27.13,1122.1,1636,131005,0.07
1999-12-31,1469.25,11497.12,168.8,135.2,12877.59,94.16,-25.94,1122.2,1708,130772,0.23
1999-11-30,1388.91,10877.81,168.4,134.9,12877.59,93.44,-25.13,1110.7,1648,130466,0.18
1999-10-31,1362.93,10729.87,168.1,134.4,12877.59,93,-23.37,1103.3,1608,130177,0.24
1999-09-30,1282.71,10336.96,167.8,134.5,12662.39,91.77,-22.7,1096.5,1635,129772,0.28
1999-08-31,1320.41,10829.28,167.1,133.5,12662.39,92.16,-22.63,1099.2,1648,129569,0.25
1999-07-31,1328.72,10655.15,166.7,132.7,12662.39,91.78,-23.1,1099.1,1669,129414,0.28
1999-06-30,1372.71,10970.81,166,132.4,12498.69,91.2,-22.89,1099.8,1559,129089,0.27
1999-05-31,1301.84,10559.75,166,132.3,12498.69,91.35,-20.05,1103.8,1611,128808,0.21
1999-04-30,1335.18,10789.04,165.9,132.1,12498.69,90.73,-17.95,1101.6,1553,128597,0.29
1999-03-31,1286.37,9786.16,164.8,131.5,12403.29,90.48,-17.72,1096.6,1710,128227,0.26
1999-02-28,1238.33,9306.57,164.7,131.2,12403.29,90.34,-18.47,1096.7,1670,128120,0.15
1999-01-31,1279.64,9358.82,164.7,131.7,12403.29,89.86,-15.88,1098.1,1748,127702,0.08
1998-12-31,1229.23,9181.43,164.4,131.3,12287,89.44,-14.75,1095,1792,127596,0.12
1998-11-30,1163.63,9116.55,164.1,130.8,12287,89.11,-15.17,1094.9,1660,127231,0.21
1998-10-31,1098.67,8592.11,163.9,130.9,12287,89.17,-14.82,1086,1715,126954,0.49
1998-09-30,1017.01,7842.62,163.5,130.4,12091.61,88.45,-14.82,1079.9,1582,126752,0.15
1998-08-31,957.28,7539.06,163.4,130.4,12091.61,88.62,-16.03,1075.9,1614,126544,0.2
1998-07-31,1120.67,8883.29,163.2,130.7,12091.61,86.84,-13.95,1075.1,1698,126205,0.01
1998-06-30,1133.84,8952.01,162.8,130.4,11942.03,87.15,-13.25,1076.3,1641,126076,-0.03
1998-05-31,1090.82,8899.95,162.6,130.5,11942.03,87.7,-14.2,1079.1,1536,125844,0.03
1998-04-30,1111.75,9063.36,162.2,130.7,11942.03,87.14,-13.94,1076.5,1540,125442,0.1
1998-03-31,1101.75,8799.8,162,130.5,11832.49,86.82,-12.88,1076.9,1567,125164,0.09
1998-02-28,1049.34,8545.71,162,130.6,11832.49,86.76,-11.56,1077.8,1584,125016,0.08
1998-01-31,980.28,7906.5,162,130.7,11832.49,86.65,-10.78,1074,1525,124812,0.2
1997-12-31,970.43,7908.24,161.8,131.4,11715.39,86.2,-11.29,1072.3,1566,124549,0.1
1997-11-30,955.4,7823.12,161.7,131.6,11715.39,85.94,-9.79,1070.9,1510,124235,0.14
1997-10-31,914.62,7442.08,161.5,131.9,11715.39,85.19,-9.09,1065.6,1520,123929,0.22
1997-09-30,947.28,7945.25,161.2,131.6,11615.64,84.47,-9.27,1066.9,1546,123585,0.32
1997-08-31,899.47,7622.42,160.8,131.4,11615.64,83.72,-8.74,1075.3,1390,123093,0.38
1997-07-31,954.29,8222.61,160.4,130.9,11615.64,82.86,-7.03,1065.5,1437,123111,0.28
1997-06-30,885.14,7672.79,160.2,131.3,11472.14,82.23,-7.15,1066.1,1494,122814,0.43
1997-05-31,848.28,7331.04,159.9,131.5,11472.14,81.83,-8.39,1063.8,1442,122546,0.46
1997-04-30,801.34,7008.99,159.9,131.8,11472.14,81.35,-8.09,1063.9,1492,122286,0.44
1997-03-31,757.12,6583.47,159.8,132.6,11284.59,81.33,-8.38,1072.5,1457,121990,0.48
1997-02-28,790.82,6877.73,159.7,132.7,11284.59,80.79,-9.78,1078.8,1486,121675,0.47
1997-01-31,786.16,6813.08,159.4,133,11284.59,79.83,-11.27,1081.2,1355,121363,0.59
1996-12-31,740.74,6448.26,159.1,132.9,11212.21,79.71,-10.48,1081.3,1370,121143,0.55
1996-11-30,757.02,6521.7,158.7,132.5,11212.21,79.2,-7.27,1083.5,1489,120961,0.46
1996-10-31,705.27,6029.38,158.2,132.4,11212.21,78.51,-6.64,1085.7,1392,120665,0.6
1996-09-30,687.31,5882.16,157.7,131.7,11096.98,78.55,-10.2,1096.2,1475,120410,0.6
1996-08-31,651.99,5616.2,157.2,131.6,11096.98,78.02,-10.36,1101.6,1557,120199,0.61
1996-07-31,639.95,5528.91,157,131.2,11096.98,77.57,-10.13,1112.4,1472,120015,0.58
1996-06-30,670.63,5654.62,156.7,131.3,10998.32,77.67,-7.46,1115.2,1467,119769,0.6
1996-05-31,669.12,5643.17,156.4,130.9,10998.32,77.02,-9.26,1116.5,1504,119486,0.62
1996-04-30,654.17,5569.07,156.1,130.9,10998.32,76.46,-8.74,1124.8,1516,119158,0.62
1996-03-31,645.5,5587.14,155.5,130.5,10817.9,75.76,-7.76,1122.6,1424,118993,0.57
1996-02-29,640.43,5485.62,155,129.7,10817.9,75.83,-7.32,1118.5,1491,118739,0.67
1996-01-31,636.02,5395.3,154.7,129.7,10817.9,74.68,-8.47,1123.5,1467,118316,0.66
1995-12-31,615.93,5117.12,153.9,129.3,10737.48,75.18,-6.27,1127.5,1431,118320,0.42
1995-11-30,605.37,5074.49,153.7,128.7,10737.48,74.89,-6.51,1134.1,1452,118175,0.4
1995-10-31,581.5,4755.48,153.5,128.4,10737.48,74.7,-6.11,1137.3,1369,118031,0.41
1995-09-30,584.41,4789.08,153.1,128.1,10665.06,74.79,-5.92,1142,1369,117875,0.33
1995-08-31,561.88,4610.56,152.9,127.9,10665.06,74.5,-6.7,1145.4,1416,117634,0.44
1995-07-31,562.06,4708.47,152.6,128,10665.06,73.57,-7.69,1145.5,1461,117380,0.56
1995-06-30,544.75,4556.09,152.4,127.8,10575.1,73.86,-10.62,1144.2,1281,117286,0.41
1995-05-31,533.4,4465.14,152.1,127.8,10575.1,73.61,-9.09,1145.3,1314,117049,0.45
1995-04-30,514.71,4321.27,151.8,127.7,10575.1,73.36,-9.61,1149.3,1267,117069,0.47
1995-03-31,500.71,4157.69,151.2,127.4,10543.64,73.41,-9.71,1146.7,1249,116907,0.42
1995-02-28,487.39,4011.05,150.9,127.2,10543.64,73.3,-8.82,1147.4,1316,116697,0.44
1995-01-31,470.42,3843.86,150.5,126.9,10543.64,73.42,-9.32,1151.4,1407,116501,0.35
1994-12-31,459.27,3834.44,150.1,126.6,10506.37,73.29,-8.46,1150.7,1455,116165,0.12
1994-11-30,453.69,3739.22,149.8,126.1,10506.37,72.53,-9.62,1150.9,1511,115869,0.51
1994-10-31,472.35,3908.12,149.4,125.5,10506.37,72.08,-9.16,1150.2,1450,115458,0.98
1994-09-30,462.69,3843.18,149.3,125.9,10387.38,71.48,-8.31,1151.9,1474,115247,1.02
1994-08-31,475.49,3913.42,149,126.2,10387.38,71.21,-8.3,1150.6,1450,114896,1.02
1994-07-31,458.26,3764.5,148.4,125.7,10387.38,70.78,-8.74,1150.7,1439,114610,1.12
1994-06-30,444.27,3624.96,147.9,125.2,10327.02,70.68,-8.38,1145.2,1409,114238,1.14
1994-05-31,456.5,3758.37,147.5,125.1,10327.02,70.23,-7.73,1143.3,1526,113921,1.15
1994-04-30,450.91,3681.69,147.2,125.1,10327.02,69.87,-7.89,1141.1,1465,113586,1.31
1994-03-31,445.77,3635.96,147.1,125.1,10188.95,69.48,-6.47,1140.1,1564,113242,1.55
1994-02-28,467.14,3832.02,146.7,125,10188.95,68.78,-9.25,1136.3,1337,112781,1.47
1994-01-31,481.61,3978.36,146.3,124.8,10188.95,68.76,-6.21,1131.6,1272,112595,1.52
1993-12-31,466.45,3754.09,146.3,124.4,10091.05,68.51,-5.72,1129.6,1533,112314,1.56
1993-11-30,461.79,3683.95,146,124.4,10091.05,68.13,-7.02,1124.1,1376,111984,1.6
1993-10-31,467.83,3680.59,145.6,124.2,10091.05,67.85,-6.59,1113.1,1392,111733,1.43
1993-09-30,458.93,3555.12,145,124.1,9955.64,67.33,-7.03,1104.2,1343,111448,1.51
1993-08-31,463.56,3651.25,144.8,123.9,9955.64,67.01,-5.58,1094.2,1300,111206,1.59
1993-07-31,448.13,3539.47,144.5,125.1,9955.64,67.08,-6.38,1084.6,1254,111055,1.68
1993-06-30,450.53,3516.08,144.3,125.2,9908.35,66.88,-6.93,1075.1,1280,110749,1.77
1993-05-31,450.19,3527.43,144.2,125.7,9908.35,66.77,-4.37,1065.9,1260,110568,1.9
1993-04-30,440.19,3427.55,143.8,125.7,9908.35,67,-6.45,1047.6,1258,110296,2.21
1993-03-31,451.67,3435.11,143.3,125,9850.97,66.77,-6.78,1038.4,1083,109994,2.07
1993-02-28,443.38,3370.81,143.1,124.7,9850.97,66.86,-3.6,1033.5,1210,110044,2.11
1993-01-31,438.78,3310.03,142.8,124.4,9850.97,66.56,-3.87,1030.4,1210,109794,2.19
1992-12-31,435.71,3301.11,142.3,124.2,9834.51,66.28,-5.6,1024.9,1227,109495,2.13
1992-11-30,431.35,3305.16,142.1,124.1,9834.51,66.22,-3.97,1015.7,1214,109272,2.15
1992-10-31,418.68,3226.28,141.7,124.2,9834.51,65.94,-3.52,1003.7,1244,109139,2.41
1992-09-30,417.8,3271.66,141.1,123.7,9732.98,65.45,-3.53,988,1186,108959,2.56
1992-08-31,414.03,3257.35,140.8,123.4,9732.98,65.29,-4.46,973.7,1226,108925,2.47
1992-07-31,424.21,3393.78,140.5,123.3,9732.98,65.62,-2.78,963.3,1139,108793,2.31
1992-06-30,408.14,3318.52,140.1,123.4,9637.73,65.03,-2.82,954.3,1145,108715,2.29
1992-05-31,415.35,3396.88,139.7,122.9,9637.73,65.02,-3.92,950.6,1214,108649,2.13
1992-04-30,414.95,3359.12,139.4,122.5,9637.73,64.81,-3.11,943.8,1099,108519,2.16
1992-03-31,403.69,3235.47,139.1,122.4,9534.35,64.32,-2.64,936.7,1297,108365,1.95
1992-02-29,412.7,3267.67,138.6,122.3,9534.35,63.79,-0.83,925.2,1250,108311,2.01
1992-01-31,408.79,3223.39,138.3,122,9534.35,63.34,-2.03,910.4,1176,108369,2.17
